predicate,subject,subject_type,object,object_type
临床症状,鼻出血,疾病,鼻粘膜溃疡,症状
临床症状,鼻出血,疾病,动脉出血,症状
临床症状,鼻出血,疾病,休克,症状
临床症状,鼻出血,疾病,鼻孔干疼,症状
临床症状,鼻出血,疾病,咳巧克力色痰,症状
临床症状,鼻出血,疾病,贫血,症状
临床症状,鼻出血,疾病,鼻腔前部出血,症状
临床症状,鼻出血,疾病,挖鼻孔,症状
临床症状,鼻出血,疾病,鼻出血,症状
治疗操作,鼻出血,疾病,药物治疗,操作
治疗操作,鼻出血,疾病,康复治疗,操作
相关人群,鼻出血,疾病,好发于儿童时期,人群
治疗药物,鼻出血,疾病,生三七散,药品
治疗药物,鼻出血,疾病,三七片,药品
诊断检查,鼻出血,疾病,后鼻镜检查,观测操作
诊断检查,鼻出血,疾病,血常规,观测操作
诊断检查,鼻出血,疾病,前鼻镜检查,观测操作
诊断检查,鼻出血,疾病,出血时间,观测操作
诊断检查,鼻出血,疾病,毛细血管脆性试验,观测操作
推荐饮食,鼻出血,疾病,鸡蛋,饮食
推荐饮食,鼻出血,疾病,鸭翅,饮食
推荐饮食,鼻出血,疾病,栗子（鲜）,饮食
推荐饮食,鼻出血,疾病,葵花子仁,饮食
禁忌饮食,鼻出血,疾病,鸭血(白鸭),饮食
禁忌饮食,鼻出血,疾病,花生,饮食
禁忌饮食,鼻出血,疾病,赤小豆,饮食
禁忌饮食,鼻出血,疾病,白扁豆,饮食
推荐饮食,鼻出血,疾病,蘑菇炖鸡,饮食
推荐饮食,鼻出血,疾病,清炒蘑菇,饮食
推荐饮食,鼻出血,疾病,番茄牛肉汤,饮食
推荐饮食,鼻出血,疾病,番茄牛茸羹,饮食
推荐饮食,鼻出血,疾病,火腿冬笋鳝鱼汤,饮食
推荐饮食,鼻出血,疾病,归参鳝鱼羹,饮食
推荐饮食,鼻出血,疾病,山药薏米红枣粥,饮食
推荐饮食,鼻出血,疾病,薏米莲子粥,饮食
治疗药物,鼻出血,疾病,三七胶囊,药品
治疗药物,鼻出血,疾病,伤科接骨片,药品
临床症状,常年性鼻炎,疾病,占思乔,症状
临床症状,常年性鼻炎,疾病,息肉,症状
临床症状,常年性鼻炎,疾病,鼻孔干疼,症状
临床症状,常年性鼻炎,疾病,闫会星,症状
临床症状,常年性鼻炎,疾病,听力减退,症状
临床症状,常年性鼻炎,疾病,侧卧时位于下侧...,症状
临床症状,常年性鼻炎,疾病,鼻塞,症状
临床症状,常年性鼻炎,疾病,回吸性涕血,症状
临床症状,常年性鼻炎,疾病,鼻分泌物增多,症状
治疗操作,常年性鼻炎,疾病,药物治疗,操作
治疗操作,常年性鼻炎,疾病,康复治疗,操作
相关人群,常年性鼻炎,疾病,无特定人群,人群
治疗药物,常年性鼻炎,疾病,盐酸羟甲唑啉喷雾剂,药品
治疗药物,常年性鼻炎,疾病,鼻炎宁颗粒,药品
诊断检查,常年性鼻炎,疾病,耳鼻咽喉CT检查,观测操作
诊断检查,常年性鼻炎,疾病,鼻部功能检查,观测操作
诊断检查,常年性鼻炎,疾病,前鼻镜检查,观测操作
推荐饮食,常年性鼻炎,疾病,鸭肝,饮食
推荐饮食,常年性鼻炎,疾病,芝麻,饮食
推荐饮食,常年性鼻炎,疾病,腰果,饮食
推荐饮食,常年性鼻炎,疾病,松子仁,饮食
禁忌饮食,常年性鼻炎,疾病,啤酒,饮食
禁忌饮食,常年性鼻炎,疾病,白酒,饮食
禁忌饮食,常年性鼻炎,疾病,白扁豆,饮食
禁忌饮食,常年性鼻炎,疾病,鱼肉,饮食
推荐饮食,常年性鼻炎,疾病,野菊花炒肉片,饮食
推荐饮食,常年性鼻炎,疾病,蒜茸野菊花,饮食
推荐饮食,常年性鼻炎,疾病,野菊炒肉片,饮食
推荐饮食,常年性鼻炎,疾病,凉拌野菊花,饮食
推荐饮食,常年性鼻炎,疾病,香菇豆苗萝卜汤,饮食
推荐饮食,常年性鼻炎,疾病,萝卜豆腐汤,饮食
推荐饮食,常年性鼻炎,疾病,山药萝卜粥,饮食
推荐饮食,常年性鼻炎,疾病,紫菜萝卜汤,饮食
治疗药物,常年性鼻炎,疾病,通窍鼻炎片,药品
治疗药物,常年性鼻炎,疾病,盐酸萘甲唑啉滴鼻液,药品
治疗药物,常年性鼻炎,疾病,滴通鼻炎水,药品
治疗药物,常年性鼻炎,疾病,鼻通丸,药品
治疗药物,常年性鼻炎,疾病,鼻舒适片,药品
治疗药物,常年性鼻炎,疾病,辛芳鼻炎胶囊,药品
治疗药物,常年性鼻炎,疾病,小儿鼻炎片,药品
治疗药物,常年性鼻炎,疾病,盐酸赛洛唑啉鼻用喷雾剂,药品
治疗药物,常年性鼻炎,疾病,鼻渊片,药品
治疗药物,常年性鼻炎,疾病,千柏鼻炎片,药品
治疗药物,常年性鼻炎,疾病,苍夷滴鼻剂,药品
治疗药物,常年性鼻炎,疾病,胆香鼻炎片,药品
临床症状,脑脊液鼻漏,疾病,鼻溢液,症状
临床症状,脑脊液鼻漏,疾病,口鼻血性分泌物,症状
治疗操作,脑脊液鼻漏,疾病,非手术治疗,操作
治疗操作,脑脊液鼻漏,疾病,手术治疗,操作
相关人群,脑脊液鼻漏,疾病,无特发人群,人群
诊断检查,脑脊液鼻漏,疾病,颅脑CT检查,观测操作
诊断检查,脑脊液鼻漏,疾病,鼻咽部MRI检查,观测操作
诊断检查,脑脊液鼻漏,疾病,耳鼻咽喉CT检查,观测操作
诊断检查,脑脊液鼻漏,疾病,颅脑MRI检查,观测操作
临床症状,鼻骨骨折,疾病,鼻小柱缺损,症状
临床症状,鼻骨骨折,疾病,鼻端缺损,症状
临床症状,鼻骨骨折,疾病,鼻裂,症状
临床症状,鼻骨骨折,疾病,歪鼻,症状
临床症状,鼻骨骨折,疾病,脑脊液鼻漏,症状
临床症状,鼻骨骨折,疾病,鼻孔外露,症状
临床症状,鼻骨骨折,疾病,鼻端形态不佳,症状
临床症状,鼻骨骨折,疾病,鼻中隔或鼻腔内...,症状
临床症状,鼻骨骨折,疾病,鼻翼上方缺损,症状
临床症状,鼻骨骨折,疾病,鼻出血,症状
治疗操作,鼻骨骨折,疾病,支持性治疗,操作
治疗操作,鼻骨骨折,疾病,康复治疗,操作
治疗操作,鼻骨骨折,疾病,药物治疗,操作
相关人群,鼻骨骨折,疾病,无特定的人群,人群
治疗药物,鼻骨骨折,疾病,舒筋活血片,药品
治疗药物,鼻骨骨折,疾病,骨肽片,药品
诊断检查,鼻骨骨折,疾病,鼻部检查,观测操作
诊断检查,鼻骨骨折,疾病,鼻咽部MRI检查,观测操作
诊断检查,鼻骨骨折,疾病,耳鼻咽喉CT检查,观测操作
推荐饮食,鼻骨骨折,疾病,麦芽糖,饮食
推荐饮食,鼻骨骨折,疾病,鸡蛋,饮食
推荐饮食,鼻骨骨折,疾病,鸡肉,饮食
推荐饮食,鼻骨骨折,疾病,葵花子仁,饮食
禁忌饮食,鼻骨骨折,疾病,白酒,饮食
禁忌饮食,鼻骨骨折,疾病,腐竹,饮食
禁忌饮食,鼻骨骨折,疾病,白扁豆,饮食
禁忌饮食,鼻骨骨折,疾病,草鱼,饮食
推荐饮食,鼻骨骨折,疾病,桃仁粥,饮食
推荐饮食,鼻骨骨折,疾病,芝麻桃仁粥,饮食
推荐饮食,鼻骨骨折,疾病,当归生姜羊肉汤,饮食
推荐饮食,鼻骨骨折,疾病,羊肉煎包,饮食
推荐饮食,鼻骨骨折,疾病,羊肉温补汤,饮食
推荐饮食,鼻骨骨折,疾病,五丝白菜卷,饮食
推荐饮食,鼻骨骨折,疾病,小白菜馅包子,饮食
推荐饮食,鼻骨骨折,疾病,鲤鱼汤,饮食
治疗药物,鼻骨骨折,疾病,骨折挫伤胶囊,药品
治疗药物,鼻骨骨折,疾病,复方三七胶囊,药品
治疗药物,鼻骨骨折,疾病,跌打损伤丸,药品
治疗药物,鼻骨骨折,疾病,接骨丸,药品
治疗药物,鼻骨骨折,疾病,骨松宝胶囊,药品
治疗药物,鼻骨骨折,疾病,双虎肿痛宁,药品
治疗药物,鼻骨骨折,疾病,独一味颗粒,药品
治疗药物,鼻骨骨折,疾病,伤科七味片,药品
治疗药物,鼻骨骨折,疾病,三七片,药品
治疗药物,鼻骨骨折,疾病,11-Aug,药品
治疗药物,鼻骨骨折,疾病,伤科跌打丸,药品
治疗药物,鼻骨骨折,疾病,接骨七厘片,药品
治疗药物,鼻骨骨折,疾病,灵仙跌打片,药品
治疗药物,鼻骨骨折,疾病,骨炎灵片,药品
治疗药物,鼻骨骨折,疾病,伤科跌打片,药品
治疗药物,鼻骨骨折,疾病,八味秦皮丸,药品
治疗药物,鼻骨骨折,疾病,舒筋活血胶囊,药品
治疗药物,鼻骨骨折,疾病,鹿瓜多肽注射液,药品
临床症状,鼻窦创伤,疾病,鼻翼上方缺损,症状
临床症状,鼻窦创伤,疾病,鼻裂,症状
临床症状,鼻窦创伤,疾病,鼻窦压痛,症状
临床症状,鼻窦创伤,疾病,脑脊液鼻漏,症状
临床症状,鼻窦创伤,疾病,捻发音,症状
临床症状,鼻窦创伤,疾病,鼻根部水肿,症状
临床症状,鼻窦创伤,疾病,粉碎性骨折,症状
临床症状,鼻窦创伤,疾病,鼻窦气压伤,症状
临床症状,鼻窦创伤,疾病,复视,症状
临床症状,鼻窦创伤,疾病,鼻出血,症状
治疗操作,鼻窦创伤,疾病,药物治疗,操作
治疗操作,鼻窦创伤,疾病,康复治疗,操作
相关人群,鼻窦创伤,疾病,无特定的人群,人群
治疗药物,鼻窦创伤,疾病,生三七散,药品
治疗药物,鼻窦创伤,疾病,三七片,药品
诊断检查,鼻窦创伤,疾病,鼻窦检查,观测操作
诊断检查,鼻窦创伤,疾病,CT检查,观测操作
诊断检查,鼻窦创伤,疾病,感染免疫检测,观测操作
诊断检查,鼻窦创伤,疾病,视力,观测操作
推荐饮食,鼻窦创伤,疾病,鸡蛋,饮食
推荐饮食,鼻窦创伤,疾病,鸽蛋,饮食
推荐饮食,鼻窦创伤,疾病,芝麻,饮食
推荐饮食,鼻窦创伤,疾病,南瓜子仁,饮食
禁忌饮食,鼻窦创伤,疾病,腐竹,饮食
禁忌饮食,鼻窦创伤,疾病,白扁豆,饮食
禁忌饮食,鼻窦创伤,疾病,蚝豉,饮食
禁忌饮食,鼻窦创伤,疾病,蛤蜊,饮食
推荐饮食,鼻窦创伤,疾病,云腿鸽子汤,饮食
推荐饮食,鼻窦创伤,疾病,酸辣乌鱼蛋汤,饮食
推荐饮食,鼻窦创伤,疾病,萝卜豆腐汤,饮食
推荐饮食,鼻窦创伤,疾病,海带炖豆腐,饮食
推荐饮食,鼻窦创伤,疾病,鱼头炖豆腐,饮食
治疗药物,鼻窦创伤,疾病,三七胶囊,药品
治疗药物,鼻窦创伤,疾病,伤科接骨片,药品
临床症状,鼻疖,疾病,颌下淋巴结肿大压痛,症状
临床症状,鼻疖,疾病,鼻内痛,症状
临床症状,鼻疖,疾病,败血症,症状
临床症状,鼻疖,疾病,低热,症状
临床症状,鼻疖,疾病,疖肿,症状
治疗操作,鼻疖,疾病,药物治疗,操作
治疗操作,鼻疖,疾病,康复治疗,操作
相关人群,鼻疖,疾病,无特定的人群,人群
治疗药物,鼻疖,疾病,牛黄解毒丸,药品
治疗药物,鼻疖,疾病,消炎片,药品
诊断检查,鼻疖,疾病,鼻粘膜及鼻腔分泌物,观测操作
诊断检查,鼻疖,疾病,淋巴显像,观测操作
诊断检查,鼻疖,疾病,外鼻检查,观测操作
诊断检查,鼻疖,疾病,鼻前庭,观测操作
推荐饮食,鼻疖,疾病,鸡蛋,饮食
推荐饮食,鼻疖,疾病,鸽蛋,饮食
推荐饮食,鼻疖,疾病,芝麻,饮食
推荐饮食,鼻疖,疾病,南瓜子仁,饮食
禁忌饮食,鼻疖,疾病,腐竹,饮食
禁忌饮食,鼻疖,疾病,白扁豆,饮食
禁忌饮食,鼻疖,疾病,蚝豉,饮食
禁忌饮食,鼻疖,疾病,蛏子,饮食
推荐饮食,鼻疖,疾病,绿豆薏苡仁汤,饮食
推荐饮食,鼻疖,疾病,冬瓜荷叶瘦肉汤,饮食
推荐饮食,鼻疖,疾病,玉米冬瓜粥,饮食
推荐饮食,鼻疖,疾病,番茄皮蛋菜汤,饮食
推荐饮食,鼻疖,疾病,甜菜叶粥,饮食
推荐饮食,鼻疖,疾病,培根白菜粥,饮食
推荐饮食,鼻疖,疾病,素炒菠菜,饮食
推荐饮食,鼻疖,疾病,菜花泥子汤,饮食
治疗药物,鼻疖,疾病,芩连片,药品
治疗药物,鼻疖,疾病,三黄片,药品
治疗药物,鼻疖,疾病,如意金黄散,药品
治疗药物,鼻疖,疾病,四季三黄片,药品
治疗药物,鼻疖,疾病,鱼石脂软膏,药品
治疗药物,鼻疖,疾病,芩连丸,药品
治疗药物,鼻疖,疾病,清肺抑火片,药品
临床症状,鼻窦气压性创伤,疾病,鼻端缺损,症状
临床症状,鼻窦气压性创伤,疾病,创伤,症状
临床症状,鼻窦气压性创伤,疾病,钝痛,症状
临床症状,鼻窦气压性创伤,疾病,气压伤,疾病
临床症状,鼻窦气压性创伤,疾病,剧痛,症状
临床症状,鼻窦气压性创伤,疾病,鼻内痛,症状
临床症状,鼻窦气压性创伤,疾病,鼻窦气压伤,症状
临床症状,鼻窦气压性创伤,疾病,鼻塞,症状
临床症状,鼻窦气压性创伤,疾病,鼻分泌物增多,症状
临床症状,鼻窦气压性创伤,疾病,继发感染,症状
治疗操作,鼻窦气压性创伤,疾病,支持性治疗,操作
治疗操作,鼻窦气压性创伤,疾病,康复治疗,操作
相关人群,鼻窦气压性创伤,疾病,无特定的人群,人群
治疗药物,鼻窦气压性创伤,疾病,注射用盐酸溴己新,药品
治疗药物,鼻窦气压性创伤,疾病,云南花粉片,药品
诊断检查,鼻窦气压性创伤,疾病,鼻窦检查,观测操作
诊断检查,鼻窦气压性创伤,疾病,耳鼻咽喉CT检查,观测操作
诊断检查,鼻窦气压性创伤,疾病,细菌感染免疫检测,观测操作
诊断检查,鼻窦气压性创伤,疾病,口腔X光片检查,观测操作
诊断检查,鼻窦气压性创伤,疾病,鼻粘膜及鼻腔分泌物,观测操作
推荐饮食,鼻窦气压性创伤,疾病,薇菜,饮食
推荐饮食,鼻窦气压性创伤,疾病,鸡蛋,饮食
推荐饮食,鼻窦气压性创伤,疾病,鸽蛋,饮食
推荐饮食,鼻窦气压性创伤,疾病,芝麻,饮食
禁忌饮食,鼻窦气压性创伤,疾病,荠菜根,饮食
禁忌饮食,鼻窦气压性创伤,疾病,干腌菜,饮食
禁忌饮食,鼻窦气压性创伤,疾病,啤酒,饮食
禁忌饮食,鼻窦气压性创伤,疾病,白酒,饮食
推荐饮食,鼻窦气压性创伤,疾病,云腿鸽子汤,饮食
推荐饮食,鼻窦气压性创伤,疾病,酸辣乌鱼蛋汤,饮食
推荐饮食,鼻窦气压性创伤,疾病,乌鱼木瓜汤,饮食
推荐饮食,鼻窦气压性创伤,疾病,苋菜鱼头豆腐汤,饮食
推荐饮食,鼻窦气压性创伤,疾病,冬菇椰菜豆腐粉丝汤,饮食
推荐饮食,鼻窦气压性创伤,疾病,菠菜豆腐汤,饮食
推荐饮食,鼻窦气压性创伤,疾病,雪菜肉末粥,饮食
推荐饮食,鼻窦气压性创伤,疾病,猪肉青菜粥,饮食
临床症状,创伤性鼻中隔穿孔,疾病,鼻端缺损,症状
临床症状,创伤性鼻中隔穿孔,疾病,创伤,症状
临床症状,创伤性鼻中隔穿孔,疾病,鼻翼上方缺损,症状
临床症状,创伤性鼻中隔穿孔,疾病,鼻中隔向一侧或...,症状
临床症状,创伤性鼻中隔穿孔,疾病,鼻端形态不佳,症状
临床症状,创伤性鼻中隔穿孔,疾病,鼻粘膜干燥发痒,症状
临床症状,创伤性鼻中隔穿孔,疾病,鼻内痛,症状
临床症状,创伤性鼻中隔穿孔,疾病,嗅觉障碍,疾病
临床症状,创伤性鼻中隔穿孔,疾病,鼻孔外露,症状
临床症状,创伤性鼻中隔穿孔,疾病,鼻出血,症状
治疗操作,创伤性鼻中隔穿孔,疾病,药物治疗,操作
治疗操作,创伤性鼻中隔穿孔,疾病,康复治疗,操作
相关人群,创伤性鼻中隔穿孔,疾病,无特定的人群,人群
治疗药物,创伤性鼻中隔穿孔,疾病,生三七散,药品
治疗药物,创伤性鼻中隔穿孔,疾病,三七片,药品
诊断检查,创伤性鼻中隔穿孔,疾病,涂片,观测操作
诊断检查,创伤性鼻中隔穿孔,疾病,鼻腔内镜检查,观测操作
诊断检查,创伤性鼻中隔穿孔,疾病,鼻中隔,观测操作
诊断检查,创伤性鼻中隔穿孔,疾病,鼻粘膜及鼻腔分泌物,观测操作
推荐饮食,创伤性鼻中隔穿孔,疾病,薇菜,饮食
推荐饮食,创伤性鼻中隔穿孔,疾病,鸡蛋,饮食
推荐饮食,创伤性鼻中隔穿孔,疾病,鸽蛋,饮食
推荐饮食,创伤性鼻中隔穿孔,疾病,芝麻,饮食
禁忌饮食,创伤性鼻中隔穿孔,疾病,干腌菜,饮食
禁忌饮食,创伤性鼻中隔穿孔,疾病,腐竹,饮食
禁忌饮食,创伤性鼻中隔穿孔,疾病,白扁豆,饮食
禁忌饮食,创伤性鼻中隔穿孔,疾病,蚝豉,饮食
推荐饮食,创伤性鼻中隔穿孔,疾病,云腿鸽子汤,饮食
推荐饮食,创伤性鼻中隔穿孔,疾病,乌鱼木瓜汤,饮食
推荐饮食,创伤性鼻中隔穿孔,疾病,西芹鳕鱼,饮食
推荐饮食,创伤性鼻中隔穿孔,疾病,番茄皮蛋菜汤,饮食
推荐饮食,创伤性鼻中隔穿孔,疾病,冬菇椰菜豆腐粉丝汤,饮食
推荐饮食,创伤性鼻中隔穿孔,疾病,菠菜豆腐汤,饮食
推荐饮食,创伤性鼻中隔穿孔,疾病,雪菜肉末粥,饮食
推荐饮食,创伤性鼻中隔穿孔,疾病,猪肉青菜粥,饮食
治疗药物,创伤性鼻中隔穿孔,疾病,三七胶囊,药品
治疗药物,创伤性鼻中隔穿孔,疾病,伤科接骨片,药品
临床症状,创伤性鼻出血,疾病,鼻中隔向一侧或...,症状
临床症状,创伤性鼻出血,疾病,凝血障碍,症状
临床症状,创伤性鼻出血,疾病,反复鼻出血,症状
临床症状,创伤性鼻出血,疾病,鼻内痛,症状
临床症状,创伤性鼻出血,疾病,鼻中隔穿孔,症状
临床症状,创伤性鼻出血,疾病,鼻翼边缘缺损,症状
临床症状,创伤性鼻出血,疾病,鼻孔外露,症状
临床症状,创伤性鼻出血,疾病,鼻翼上方缺损,症状
临床症状,创伤性鼻出血,疾病,鼻出血,症状
治疗操作,创伤性鼻出血,疾病,药物治疗,操作
治疗操作,创伤性鼻出血,疾病,康复治疗,操作
相关人群,创伤性鼻出血,疾病,多发生于飞行员或高气压作业的工作人员和儿童。,人群
治疗药物,创伤性鼻出血,疾病,生三七散,药品
治疗药物,创伤性鼻出血,疾病,三七片,药品
诊断检查,创伤性鼻出血,疾病,耳鼻咽喉CT检查,观测操作
诊断检查,创伤性鼻出血,疾病,鼻窦检查,观测操作
诊断检查,创伤性鼻出血,疾病,鼻部检查,观测操作
诊断检查,创伤性鼻出血,疾病,血管造影,观测操作
诊断检查,创伤性鼻出血,疾病,头颅平片,观测操作
诊断检查,创伤性鼻出血,疾病,鼻咽部MRI检查,观测操作
推荐饮食,创伤性鼻出血,疾病,鸡蛋,饮食
推荐饮食,创伤性鼻出血,疾病,鸽蛋,饮食
推荐饮食,创伤性鼻出血,疾病,芝麻,饮食
推荐饮食,创伤性鼻出血,疾病,南瓜子仁,饮食
禁忌饮食,创伤性鼻出血,疾病,白酒,饮食
禁忌饮食,创伤性鼻出血,疾病,腐竹,饮食
禁忌饮食,创伤性鼻出血,疾病,白扁豆,饮食
禁忌饮食,创伤性鼻出血,疾病,蚝豉,饮食
推荐饮食,创伤性鼻出血,疾病,花生酱,饮食
推荐饮食,创伤性鼻出血,疾病,茄子粥,饮食
推荐饮食,创伤性鼻出血,疾病,紫茄子粥,饮食
推荐饮食,创伤性鼻出血,疾病,荠菜粥,饮食
推荐饮食,创伤性鼻出血,疾病,鲜百合冬菇西兰花汤,饮食
推荐饮食,创伤性鼻出血,疾病,西兰花炒虾仁,饮食
推荐饮食,创伤性鼻出血,疾病,海米白菜汤,饮食
治疗药物,创伤性鼻出血,疾病,三七胶囊,药品
治疗药物,创伤性鼻出血,疾病,伤科接骨片,药品
临床症状,鼻中隔穿孔,疾病,鼻中隔穿孔,症状
临床症状,鼻中隔穿孔,疾病,鼻衄,症状
临床症状,鼻中隔穿孔,疾病,鼻塞,症状
临床症状,鼻中隔穿孔,疾病,鼻出血,症状
治疗操作,鼻中隔穿孔,疾病,药物治疗,操作
治疗操作,鼻中隔穿孔,疾病,康复治疗,操作
相关人群,鼻中隔穿孔,疾病,无特发人群,人群
治疗药物,鼻中隔穿孔,疾病,生三七散,药品
治疗药物,鼻中隔穿孔,疾病,三七片,药品
诊断检查,鼻中隔穿孔,疾病,耳鼻咽喉CT检查,观测操作
诊断检查,鼻中隔穿孔,疾病,鼻部功能检查,观测操作
诊断检查,鼻中隔穿孔,疾病,前鼻镜检查,观测操作
推荐饮食,鼻中隔穿孔,疾病,鸡蛋,饮食
推荐饮食,鼻中隔穿孔,疾病,鸭翅,饮食
推荐饮食,鼻中隔穿孔,疾病,栗子（鲜）,饮食
推荐饮食,鼻中隔穿孔,疾病,葵花子仁,饮食
禁忌饮食,鼻中隔穿孔,疾病,鸭血(白鸭),饮食
禁忌饮食,鼻中隔穿孔,疾病,花生,饮食
禁忌饮食,鼻中隔穿孔,疾病,赤小豆,饮食
禁忌饮食,鼻中隔穿孔,疾病,白扁豆,饮食
推荐饮食,鼻中隔穿孔,疾病,云腿鸽子汤,饮食
推荐饮食,鼻中隔穿孔,疾病,乌鱼木瓜汤,饮食
推荐饮食,鼻中隔穿孔,疾病,酸辣乌鱼蛋汤,饮食
推荐饮食,鼻中隔穿孔,疾病,黄瓜猪肉水饺,饮食
推荐饮食,鼻中隔穿孔,疾病,芹菜猪肉蒸饺,饮食
治疗药物,鼻中隔穿孔,疾病,三七胶囊,药品
治疗药物,鼻中隔穿孔,疾病,伤科接骨片,药品
临床症状,鼻血管瘤,疾病,骨质破坏,症状
临床症状,鼻血管瘤,疾病,囊肿,症状
临床症状,鼻血管瘤,疾病,继发感染,症状
临床症状,鼻血管瘤,疾病,复视,症状
临床症状,鼻血管瘤,疾病,鼻衂,症状
临床症状,鼻血管瘤,疾病,鼻出血,症状
治疗操作,鼻血管瘤,疾病,药物治疗,操作
治疗操作,鼻血管瘤,疾病,手术治疗,操作
相关人群,鼻血管瘤,疾病,无特定的人群,人群
治疗药物,鼻血管瘤,疾病,注射用盐酸平阳霉素,药品
治疗药物,鼻血管瘤,疾病,鱼肝油酸钠注射液,药品
诊断检查,鼻血管瘤,疾病,视力,观测操作
诊断检查,鼻血管瘤,疾病,头颅平片,观测操作
诊断检查,鼻血管瘤,疾病,感染免疫检测,观测操作
诊断检查,鼻血管瘤,疾病,鼻咽部MRI检查,观测操作
推荐饮食,鼻血管瘤,疾病,南瓜子仁,饮食
推荐饮食,鼻血管瘤,疾病,莲子,饮食
推荐饮食,鼻血管瘤,疾病,葵花子仁,饮食
推荐饮食,鼻血管瘤,疾病,白果（干）,饮食
禁忌饮食,鼻血管瘤,疾病,干腌菜,饮食
禁忌饮食,鼻血管瘤,疾病,啤酒,饮食
禁忌饮食,鼻血管瘤,疾病,白酒,饮食
禁忌饮食,鼻血管瘤,疾病,鸡肉,饮食
推荐饮食,鼻血管瘤,疾病,胡萝卜苹果汁,饮食
推荐饮食,鼻血管瘤,疾病,苹果炖鱼,饮食
推荐饮食,鼻血管瘤,疾病,干贝鸡肉粥,饮食
推荐饮食,鼻血管瘤,疾病,白菜蛋花粥,饮食
推荐饮食,鼻血管瘤,疾病,白菜粥,饮食
推荐饮食,鼻血管瘤,疾病,红扁豆粥,饮食
临床症状,鼻咽癌,疾病,骨质破坏,症状
临床症状,鼻咽癌,疾病,耳内闭塞感,症状
临床症状,鼻咽癌,疾病,耳鸣,症状
临床症状,鼻咽癌,疾病,鼻和喉部灼热感,症状
临床症状,鼻咽癌,疾病,鼻塞,症状
临床症状,鼻咽癌,疾病,回吸性涕血,症状
临床症状,鼻咽癌,疾病,鼻咽腔狭窄,症状
临床症状,鼻咽癌,疾病,鼻咽癌的远处转移,症状
临床症状,鼻咽癌,疾病,鼻出血,症状
治疗操作,鼻咽癌,疾病,药物治疗,操作
治疗操作,鼻咽癌,疾病,支持性治疗,操作
相关人群,鼻咽癌,疾病,好发于中年男女,人群
治疗药物,鼻咽癌,疾病,转移因子口服溶液,药品
治疗药物,鼻咽癌,疾病,消癌平片,药品
诊断检查,鼻咽癌,疾病,局部显像,观测操作
诊断检查,鼻咽癌,疾病,鼻咽部MRI检查,观测操作
诊断检查,鼻咽癌,疾病,纤维鼻咽镜,观测操作
诊断检查,鼻咽癌,疾病,全身显像,观测操作
诊断检查,鼻咽癌,疾病,耳鼻咽喉CT检查,观测操作
诊断检查,鼻咽癌,疾病,颅底片,观测操作
推荐饮食,鼻咽癌,疾病,鸡肉,饮食
推荐饮食,鼻咽癌,疾病,芝麻,饮食
推荐饮食,鼻咽癌,疾病,腰果,饮食
推荐饮食,鼻咽癌,疾病,杏仁,饮食
禁忌饮食,鼻咽癌,疾病,啤酒,饮食
禁忌饮食,鼻咽癌,疾病,白酒,饮食
禁忌饮食,鼻咽癌,疾病,鸭血(白鸭),饮食
禁忌饮食,鼻咽癌,疾病,烤鸭,饮食
推荐饮食,鼻咽癌,疾病,山药桂圆粥,饮食
推荐饮食,鼻咽癌,疾病,山药芡实瘦肉粥,饮食
推荐饮食,鼻咽癌,疾病,无花果粥,饮食
推荐饮食,鼻咽癌,疾病,无花果煲猪肉,饮食
推荐饮食,鼻咽癌,疾病,粉蒸鲫鱼,饮食
推荐饮食,鼻咽癌,疾病,白汤鲫鱼,饮食
推荐饮食,鼻咽癌,疾病,鲫鱼粥,饮食
推荐饮食,鼻咽癌,疾病,芝麻凉团,饮食
治疗药物,鼻咽癌,疾病,天芝草胶囊,药品
治疗药物,鼻咽癌,疾病,甘露聚糖肽片,药品
治疗药物,鼻咽癌,疾病,注射用盐酸平阳霉素,药品
治疗药物,鼻咽癌,疾病,鼻咽灵片,药品
临床症状,鼻咽肉瘤,疾病,兰瑞,症状
临床症状,鼻咽肉瘤,疾病,骨质破坏,症状
临床症状,鼻咽肉瘤,疾病,咽鼓管堵塞,症状
临床症状,鼻咽肉瘤,疾病,鼻塞,症状
临床症状,鼻咽肉瘤,疾病,鼻咽癌的远处转移,症状
治疗操作,鼻咽肉瘤,疾病,手术治疗,操作
治疗操作,鼻咽肉瘤,疾病,放射治疗,操作
治疗操作,鼻咽肉瘤,疾病,全身化疗,操作
治疗操作,鼻咽肉瘤,疾病,支持治疗,操作
相关人群,鼻咽肉瘤,疾病,头颈部放疗史的患者,人群
治疗药物,鼻咽肉瘤,疾病,转移因子口服溶液,药品
治疗药物,鼻咽肉瘤,疾病,消癌平片,药品
诊断检查,鼻咽肉瘤,疾病,纤维鼻咽镜,观测操作
诊断检查,鼻咽肉瘤,疾病,鼻咽部MRI检查,观测操作
诊断检查,鼻咽肉瘤,疾病,颅底片,观测操作
诊断检查,鼻咽肉瘤,疾病,耳鼻咽喉CT检查,观测操作
推荐饮食,鼻咽肉瘤,疾病,薇菜,饮食
推荐饮食,鼻咽肉瘤,疾病,芝麻,饮食
推荐饮食,鼻咽肉瘤,疾病,腰果,饮食
推荐饮食,鼻咽肉瘤,疾病,杏仁,饮食
禁忌饮食,鼻咽肉瘤,疾病,干腌菜,饮食
禁忌饮食,鼻咽肉瘤,疾病,鸭血(白鸭),饮食
禁忌饮食,鼻咽肉瘤,疾病,绿豆,饮食
禁忌饮食,鼻咽肉瘤,疾病,田螺,饮食
推荐饮食,鼻咽肉瘤,疾病,包心菜猪肉粥,饮食
推荐饮食,鼻咽肉瘤,疾病,茭白猪肉粥,饮食
推荐饮食,鼻咽肉瘤,疾病,天麻甲鱼汤,饮食
推荐饮食,鼻咽肉瘤,疾病,砂锅甲鱼汤,饮食
推荐饮食,鼻咽肉瘤,疾病,百合杏仁枇杷粥,饮食
推荐饮食,鼻咽肉瘤,疾病,花豆腐生菜瘦肉汤,饮食
推荐饮食,鼻咽肉瘤,疾病,紫菜芙蓉汤,饮食
推荐饮食,鼻咽肉瘤,疾病,菠菜双蛋羹,饮食
治疗药物,鼻咽肉瘤,疾病,天芝草胶囊,药品
治疗药物,鼻咽肉瘤,疾病,甘露聚糖肽片,药品
治疗药物,鼻咽肉瘤,疾病,注射用盐酸平阳霉素,药品
治疗药物,鼻咽肉瘤,疾病,鼻咽灵片,药品
临床症状,鼻咽血管纤维瘤,疾病,反复出血,症状
临床症状,鼻咽血管纤维瘤,疾病,鼻衄,症状
临床症状,鼻咽血管纤维瘤,疾病,鼻塞,症状
临床症状,鼻咽血管纤维瘤,疾病,鼻内似有擤不出的鼻涕,症状
临床症状,鼻咽血管纤维瘤,疾病,耳闷,症状
临床症状,鼻咽血管纤维瘤,疾病,鼻出血,症状
治疗操作,鼻咽血管纤维瘤,疾病,手术治疗,操作
治疗操作,鼻咽血管纤维瘤,疾病,药物治疗,操作
治疗操作,鼻咽血管纤维瘤,疾病,支持性治疗,操作
相关人群,鼻咽血管纤维瘤,疾病,好发发生于10～25岁男性青年,人群
治疗药物,鼻咽血管纤维瘤,疾病,注射用盐酸平阳霉素,药品
治疗药物,鼻咽血管纤维瘤,疾病,鱼肝油酸钠注射液,药品
诊断检查,鼻咽血管纤维瘤,疾病,间接鼻咽镜,观测操作
诊断检查,鼻咽血管纤维瘤,疾病,颅底片,观测操作
诊断检查,鼻咽血管纤维瘤,疾病,耳鼻咽喉CT检查,观测操作
诊断检查,鼻咽血管纤维瘤,疾病,前鼻镜检查,观测操作
诊断检查,鼻咽血管纤维瘤,疾病,鼻咽部MRI检查,观测操作
推荐饮食,鼻咽血管纤维瘤,疾病,薇菜,饮食
推荐饮食,鼻咽血管纤维瘤,疾病,芝麻,饮食
推荐饮食,鼻咽血管纤维瘤,疾病,腰果,饮食
推荐饮食,鼻咽血管纤维瘤,疾病,杏仁,饮食
禁忌饮食,鼻咽血管纤维瘤,疾病,螺丝菜,饮食
禁忌饮食,鼻咽血管纤维瘤,疾病,干腌菜,饮食
禁忌饮食,鼻咽血管纤维瘤,疾病,啤酒,饮食
禁忌饮食,鼻咽血管纤维瘤,疾病,白酒,饮食
推荐饮食,鼻咽血管纤维瘤,疾病,猪肉枸杞汤,饮食
推荐饮食,鼻咽血管纤维瘤,疾病,猪肉玉米粥,饮食
推荐饮食,鼻咽血管纤维瘤,疾病,茭白猪肉粥,饮食
推荐饮食,鼻咽血管纤维瘤,疾病,冬菇椰菜豆腐粉丝汤,饮食
推荐饮食,鼻咽血管纤维瘤,疾病,菠菜豆腐汤,饮食
推荐饮食,鼻咽血管纤维瘤,疾病,牛奶菠菜粥,饮食
推荐饮食,鼻咽血管纤维瘤,疾病,雪菜肉末粥,饮食
推荐饮食,鼻咽血管纤维瘤,疾病,猪肉青菜粥,饮食
临床症状,鼻硬结病,疾病,咽喉干燥及灼热感,症状
临床症状,鼻硬结病,疾病,呼吸困难,症状
临床症状,鼻硬结病,疾病,骨溶解,症状
临床症状,鼻硬结病,疾病,嗅觉障碍,疾病
临床症状,鼻硬结病,疾病,鼻出血,症状
治疗操作,鼻硬结病,疾病,药物治疗,操作
治疗操作,鼻硬结病,疾病,手术治疗,操作
治疗操作,鼻硬结病,疾病,支持性治疗,操作
相关人群,鼻硬结病,疾病,无特定人群,人群
治疗药物,鼻硬结病,疾病,醋酸可的松注射液,药品
治疗药物,鼻硬结病,疾病,醋酸可的松片,药品
诊断检查,鼻硬结病,疾病,浆细胞,观测操作
诊断检查,鼻硬结病,疾病,鼻咽部活组织检查,观测操作
诊断检查,鼻硬结病,疾病,鼻腔内镜检查,观测操作
推荐饮食,鼻硬结病,疾病,鸡蛋,饮食
推荐饮食,鼻硬结病,疾病,芝麻,饮食
推荐饮食,鼻硬结病,疾病,腰果,饮食
推荐饮食,鼻硬结病,疾病,栗子（鲜）,饮食
禁忌饮食,鼻硬结病,疾病,啤酒,饮食
禁忌饮食,鼻硬结病,疾病,白酒,饮食
禁忌饮食,鼻硬结病,疾病,鸭血(白鸭),饮食
禁忌饮食,鼻硬结病,疾病,腐竹,饮食
推荐饮食,鼻硬结病,疾病,冬虫草鸡汤,饮食
推荐饮食,鼻硬结病,疾病,冬虫草米粥,饮食
推荐饮食,鼻硬结病,疾病,冬虫草炖鸭,饮食
临床症状,鼻腔异物,疾病,疲劳,症状
临床症状,鼻腔异物,疾病,带血粘脓鼻涕,症状
临床症状,鼻腔异物,疾病,鼻溢液,症状
临床症状,鼻腔异物,疾病,面色苍白,症状
临床症状,鼻腔异物,疾病,鼻腔前部出血,症状
临床症状,鼻腔异物,疾病,深侧鼻塞,症状
临床症状,鼻腔异物,疾病,蛙状鼻,症状
临床症状,鼻腔异物,疾病,鼻塞,症状
临床症状,鼻腔异物,疾病,乏力,症状
临床症状,鼻腔异物,疾病,鼻出血,症状
治疗操作,鼻腔异物,疾病,药物治疗,操作
治疗操作,鼻腔异物,疾病,康复治疗,操作
治疗操作,鼻腔异物,疾病,手术治疗,操作
相关人群,鼻腔异物,疾病,无特定的人群,人群
诊断检查,鼻腔异物,疾病,鼻咽部活组织检查,观测操作
诊断检查,鼻腔异物,疾病,耳鼻咽喉CT检查,观测操作
诊断检查,鼻腔异物,疾病,纤维鼻咽镜,观测操作
诊断检查,鼻腔异物,疾病,鼻腔内镜检查,观测操作
诊断检查,鼻腔异物,疾病,鼻粘膜及鼻腔分泌物,观测操作
诊断检查,鼻腔异物,疾病,鼻咽部MRI检查,观测操作
推荐饮食,鼻腔异物,疾病,鸡蛋,饮食
推荐饮食,鼻腔异物,疾病,鸭翅,饮食
推荐饮食,鼻腔异物,疾病,栗子（鲜）,饮食
推荐饮食,鼻腔异物,疾病,葵花子仁,饮食
禁忌饮食,鼻腔异物,疾病,啤酒,饮食
禁忌饮食,鼻腔异物,疾病,白酒,饮食
禁忌饮食,鼻腔异物,疾病,鸭血(白鸭),饮食
禁忌饮食,鼻腔异物,疾病,花生,饮食
推荐饮食,鼻腔异物,疾病,云腿鸽子汤,饮食
推荐饮食,鼻腔异物,疾病,乌鱼木瓜汤,饮食
推荐饮食,鼻腔异物,疾病,酸辣乌鱼蛋汤,饮食
推荐饮食,鼻腔异物,疾病,炒胡萝卜,饮食
推荐饮食,鼻腔异物,疾病,胡萝卜枸杞汁,饮食
推荐饮食,鼻腔异物,疾病,猪肝炒胡萝卜,饮食
推荐饮食,鼻腔异物,疾病,糖醋胡萝卜丝,饮食
推荐饮食,鼻腔异物,疾病,胡萝卜炒肉丝粉,饮食
临床症状,鼻息肉,疾病,呼吸困难,症状
临床症状,鼻息肉,疾病,继发感染,症状
临床症状,鼻息肉,疾病,蛙状鼻,症状
临床症状,鼻息肉,疾病,鳞状上皮,症状
临床症状,鼻息肉,疾病,鼻塞,症状
临床症状,鼻息肉,疾病,肺纤维化,症状
临床症状,鼻息肉,疾病,鼻内似有擤不出的鼻涕,症状
临床症状,鼻息肉,疾病,脓性分泌物,症状
临床症状,鼻息肉,疾病,反复感染,症状
治疗操作,鼻息肉,疾病,药物治疗,操作
治疗操作,鼻息肉,疾病,支持性治疗,操作
治疗操作,鼻息肉,疾病,手术治疗,操作
相关人群,鼻息肉,疾病,无特定的人群,人群
诊断检查,鼻息肉,疾病,鼻咽部MRI检查,观测操作
诊断检查,鼻息肉,疾病,外鼻检查,观测操作
诊断检查,鼻息肉,疾病,鼻腔内镜检查,观测操作
诊断检查,鼻息肉,疾病,鼻咽部活组织检查,观测操作
诊断检查,鼻息肉,疾病,耳鼻咽喉CT检查,观测操作
诊断检查,鼻息肉,疾病,前鼻镜检查,观测操作
诊断检查,鼻息肉,疾病,后鼻镜检查,观测操作
推荐饮食,鼻息肉,疾病,鸡蛋,饮食
推荐饮食,鼻息肉,疾病,鸭翅,饮食
推荐饮食,鼻息肉,疾病,栗子（鲜）,饮食
推荐饮食,鼻息肉,疾病,葵花子仁,饮食
禁忌饮食,鼻息肉,疾病,鸭血(白鸭),饮食
禁忌饮食,鼻息肉,疾病,花生,饮食
禁忌饮食,鼻息肉,疾病,赤小豆,饮食
禁忌饮食,鼻息肉,疾病,白扁豆,饮食
推荐饮食,鼻息肉,疾病,鱼腥草烧猪肺,饮食
推荐饮食,鼻息肉,疾病,海带粥,饮食
推荐饮食,鼻息肉,疾病,杞子南枣煲鸡蛋,饮食
推荐饮食,鼻息肉,疾病,何首乌煲鸡蛋,饮食
推荐饮食,鼻息肉,疾病,百合圆肉煲鸡蛋,饮食
推荐饮食,鼻息肉,疾病,海带粳米粥,饮食
推荐饮食,鼻息肉,疾病,海带炖豆腐,饮食
推荐饮食,鼻息肉,疾病,黄豆芽拌海带,饮食
临床症状,鼻中隔偏曲,疾病,歪鼻,症状
临床症状,鼻中隔偏曲,疾病,鼻中隔向一侧或...,症状
临床症状,鼻中隔偏曲,疾病,听力下降,症状
临床症状,鼻中隔偏曲,疾病,鼻衄,症状
临床症状,鼻中隔偏曲,疾病,鼻塞,症状
临床症状,鼻中隔偏曲,疾病,鼻出血,症状
治疗操作,鼻中隔偏曲,疾病,手术治疗,操作
治疗操作,鼻中隔偏曲,疾病,药物治疗,操作
治疗操作,鼻中隔偏曲,疾病,支持性治疗,操作
相关人群,鼻中隔偏曲,疾病,无特发人群,人群
诊断检查,鼻中隔偏曲,疾病,耳鼻咽喉CT检查,观测操作
推荐饮食,鼻中隔偏曲,疾病,鸭翅,饮食
推荐饮食,鼻中隔偏曲,疾病,栗子（鲜）,饮食
推荐饮食,鼻中隔偏曲,疾病,葵花子仁,饮食
推荐饮食,鼻中隔偏曲,疾病,白果（干）,饮食
禁忌饮食,鼻中隔偏曲,疾病,鸭血(白鸭),饮食
禁忌饮食,鼻中隔偏曲,疾病,花生,饮食
禁忌饮食,鼻中隔偏曲,疾病,赤小豆,饮食
禁忌饮食,鼻中隔偏曲,疾病,白扁豆,饮食
推荐饮食,鼻中隔偏曲,疾病,山药桂圆粥,饮食
推荐饮食,鼻中隔偏曲,疾病,桂圆黑豆粥,饮食
推荐饮食,鼻中隔偏曲,疾病,桂圆栗子粥,饮食
推荐饮食,鼻中隔偏曲,疾病,红白萝卜汤,饮食
推荐饮食,鼻中隔偏曲,疾病,白萝卜烩鸡,饮食
临床症状,鼻中隔血肿,疾病,鼻甲肿胀,症状
临床症状,鼻中隔血肿,疾病,鼻塞,症状
临床症状,鼻中隔血肿,疾病,带血粘脓鼻涕,症状
治疗操作,鼻中隔血肿,疾病,药物治疗,操作
治疗操作,鼻中隔血肿,疾病,康复治疗,操作
相关人群,鼻中隔血肿,疾病,无特发人群,人群
治疗药物,鼻中隔血肿,疾病,生三七散,药品
治疗药物,鼻中隔血肿,疾病,三七片,药品
诊断检查,鼻中隔血肿,疾病,鼻腔内镜检查,观测操作
诊断检查,鼻中隔血肿,疾病,鼻咽部活组织检查,观测操作
诊断检查,鼻中隔血肿,疾病,耳鼻咽喉CT检查,观测操作
推荐饮食,鼻中隔血肿,疾病,鸭翅,饮食
推荐饮食,鼻中隔血肿,疾病,莲子,饮食
推荐饮食,鼻中隔血肿,疾病,栗子（鲜）,饮食
推荐饮食,鼻中隔血肿,疾病,葵花子仁,饮食
禁忌饮食,鼻中隔血肿,疾病,鸭血(白鸭),饮食
禁忌饮食,鼻中隔血肿,疾病,花生,饮食
禁忌饮食,鼻中隔血肿,疾病,赤小豆,饮食
禁忌饮食,鼻中隔血肿,疾病,白扁豆,饮食
推荐饮食,鼻中隔血肿,疾病,山药桂圆粥,饮食
推荐饮食,鼻中隔血肿,疾病,山药羊肉粥,饮食
推荐饮食,鼻中隔血肿,疾病,山药奶肉羹,饮食
推荐饮食,鼻中隔血肿,疾病,薄荷莲子羹,饮食
推荐饮食,鼻中隔血肿,疾病,清甜莲子,饮食
治疗药物,鼻中隔血肿,疾病,三七胶囊,药品
治疗药物,鼻中隔血肿,疾病,伤科接骨片,药品
临床症状,鼻前庭炎,疾病,鳞屑,症状
临床症状,鼻前庭炎,疾病,驻站医,症状
临床症状,鼻前庭炎,疾病,鼻前庭部发痒,症状
临床症状,鼻前庭炎,疾病,鼻毛脱落,症状
临床症状,鼻前庭炎,疾病,鼻毛变白,症状
临床症状,鼻前庭炎,疾病,结痂,症状
治疗操作,鼻前庭炎,疾病,药物治疗,操作
治疗操作,鼻前庭炎,疾病,康复治疗,操作
相关人群,鼻前庭炎,疾病,无特发人群,人群
治疗药物,鼻前庭炎,疾病,通窍鼻炎片,药品
治疗药物,鼻前庭炎,疾病,鼻炎灵片,药品
诊断检查,鼻前庭炎,疾病,前鼻镜检查,观测操作
诊断检查,鼻前庭炎,疾病,鼻咽部活组织检查,观测操作
诊断检查,鼻前庭炎,疾病,耳、鼻、咽拭子细菌培养,观测操作
推荐饮食,鼻前庭炎,疾病,鸭翅,饮食
推荐饮食,鼻前庭炎,疾病,栗子（鲜）,饮食
推荐饮食,鼻前庭炎,疾病,葵花子仁,饮食
推荐饮食,鼻前庭炎,疾病,核桃,饮食
禁忌饮食,鼻前庭炎,疾病,鸭血(白鸭),饮食
禁忌饮食,鼻前庭炎,疾病,花生,饮食
禁忌饮食,鼻前庭炎,疾病,赤小豆,饮食
禁忌饮食,鼻前庭炎,疾病,白扁豆,饮食
推荐饮食,鼻前庭炎,疾病,胡萝卜猪肝汤,饮食
推荐饮食,鼻前庭炎,疾病,绿豆南瓜汤,饮食
推荐饮食,鼻前庭炎,疾病,南瓜大麦粥,饮食
推荐饮食,鼻前庭炎,疾病,绿豆奶粥,饮食
推荐饮食,鼻前庭炎,疾病,薏仁绿豆汤,饮食
推荐饮食,鼻前庭炎,疾病,百合莲子绿豆粥,饮食
治疗药物,鼻前庭炎,疾病,鼻渊丸,药品
治疗药物,鼻前庭炎,疾病,匹多莫德胶囊,药品
临床症状,鼻中隔溃疡,疾病,鼻黏膜溃疡,症状
临床症状,鼻中隔溃疡,疾病,鼻腔干燥及结痂,症状
临床症状,鼻中隔溃疡,疾病,鼻粘膜出血,症状
临床症状,鼻中隔溃疡,疾病,鼻痒,症状
临床症状,鼻中隔溃疡,疾病,鼻前庭皮肤红肿疼痛,症状
临床症状,鼻中隔溃疡,疾病,鼻中隔穿孔,症状
临床症状,鼻中隔溃疡,疾病,鼻子红血丝,症状
临床症状,鼻中隔溃疡,疾病,鼻黏膜可呈颗粒...,症状
治疗操作,鼻中隔溃疡,疾病,药物治疗,操作
治疗操作,鼻中隔溃疡,疾病,康复治疗,操作
相关人群,鼻中隔溃疡,疾病,无特发人群,人群
治疗药物,鼻中隔溃疡,疾病,生三七散,药品
治疗药物,鼻中隔溃疡,疾病,三七片,药品
诊断检查,鼻中隔溃疡,疾病,鼻腔内镜检查,观测操作
诊断检查,鼻中隔溃疡,疾病,耳鼻咽喉CT检查,观测操作
诊断检查,鼻中隔溃疡,疾病,鼻咽部活组织检查,观测操作
诊断检查,鼻中隔溃疡,疾病,鼻粘膜及鼻腔分泌物,观测操作
诊断检查,鼻中隔溃疡,疾病,耳、鼻、咽拭子细菌培养,观测操作
诊断检查,鼻中隔溃疡,疾病,鼻部功能检查,观测操作
推荐饮食,鼻中隔溃疡,疾病,鸭翅,饮食
推荐饮食,鼻中隔溃疡,疾病,栗子（鲜）,饮食
推荐饮食,鼻中隔溃疡,疾病,葵花子仁,饮食
推荐饮食,鼻中隔溃疡,疾病,白果（干）,饮食
禁忌饮食,鼻中隔溃疡,疾病,啤酒,饮食
禁忌饮食,鼻中隔溃疡,疾病,白酒,饮食
禁忌饮食,鼻中隔溃疡,疾病,鸭血(白鸭),饮食
禁忌饮食,鼻中隔溃疡,疾病,花生,饮食
推荐饮食,鼻中隔溃疡,疾病,香菇牛肉粥,饮食
推荐饮食,鼻中隔溃疡,疾病,香菇冬瓜汤,饮食
推荐饮食,鼻中隔溃疡,疾病,百合绿豆沙羹,饮食
推荐饮食,鼻中隔溃疡,疾病,核桃芝麻百合粥,饮食
推荐饮食,鼻中隔溃疡,疾病,冬瓜粥,饮食
推荐饮食,鼻中隔溃疡,疾病,酿冬瓜,饮食
治疗药物,鼻中隔溃疡,疾病,三七胶囊,药品
治疗药物,鼻中隔溃疡,疾病,伤科接骨片,药品
临床症状,鼻石,疾病,脓性分泌物,症状
临床症状,鼻石,疾病,头昏,症状
临床症状,鼻石,疾病,鼻甲肿胀,症状
临床症状,鼻石,疾病,鼻塞排出脓性或...,症状
治疗操作,鼻石,疾病,药物治疗,操作
治疗操作,鼻石,疾病,康复治疗,操作
相关人群,鼻石,疾病,好发于成年男女,人群
诊断检查,鼻石,疾病,鼻腔内镜检查,观测操作
诊断检查,鼻石,疾病,耳、鼻、咽拭子细菌培养,观测操作
诊断检查,鼻石,疾病,鼻咽部活组织检查,观测操作
诊断检查,鼻石,疾病,耳鼻咽喉CT检查,观测操作
诊断检查,鼻石,疾病,鼻粘膜及鼻腔分泌物,观测操作
推荐饮食,鼻石,疾病,鸭翅,饮食
推荐饮食,鼻石,疾病,栗子（鲜）,饮食
推荐饮食,鼻石,疾病,葵花子仁,饮食
推荐饮食,鼻石,疾病,白果（干）,饮食
禁忌饮食,鼻石,疾病,鸭血(白鸭),饮食
禁忌饮食,鼻石,疾病,花生,饮食
禁忌饮食,鼻石,疾病,赤小豆,饮食
禁忌饮食,鼻石,疾病,白扁豆,饮食
推荐饮食,鼻石,疾病,山药葡萄粥,饮食
推荐饮食,鼻石,疾病,山药桂圆粥,饮食
推荐饮食,鼻石,疾病,茯苓大枣山药粥,饮食
推荐饮食,鼻石,疾病,芹菜炒鸡蛋,饮食
推荐饮食,鼻石,疾病,鸡蛋木耳粥,饮食
推荐饮食,鼻石,疾病,牛奶玉米汤,饮食
推荐饮食,鼻石,疾病,牛奶杏仁粥,饮食
临床症状,鼻瓣区狭窄,疾病,息肉,症状
临床症状,鼻瓣区狭窄,疾病,鼻出血,症状
临床症状,鼻瓣区狭窄,疾病,吸气时鼻腔阻塞,症状
治疗操作,鼻瓣区狭窄,疾病,药物治疗,操作
治疗操作,鼻瓣区狭窄,疾病,康复治疗,操作
相关人群,鼻瓣区狭窄,疾病,无特定的人群,人群
诊断检查,鼻瓣区狭窄,疾病,鼻腔内镜检查,观测操作
诊断检查,鼻瓣区狭窄,疾病,耳鼻咽喉CT检查,观测操作
诊断检查,鼻瓣区狭窄,疾病,鼻部功能检查,观测操作
推荐饮食,鼻瓣区狭窄,疾病,鸡蛋,饮食
推荐饮食,鼻瓣区狭窄,疾病,鸭翅,饮食
推荐饮食,鼻瓣区狭窄,疾病,栗子（鲜）,饮食
推荐饮食,鼻瓣区狭窄,疾病,葵花子仁,饮食
禁忌饮食,鼻瓣区狭窄,疾病,鸭血(白鸭),饮食
禁忌饮食,鼻瓣区狭窄,疾病,花生,饮食
禁忌饮食,鼻瓣区狭窄,疾病,赤小豆,饮食
禁忌饮食,鼻瓣区狭窄,疾病,白扁豆,饮食
推荐饮食,鼻瓣区狭窄,疾病,甘蔗萝卜汤,饮食
推荐饮食,鼻瓣区狭窄,疾病,猪肉玉米粥,饮食
推荐饮食,鼻瓣区狭窄,疾病,黄瓜猪肉羹,饮食
推荐饮食,鼻瓣区狭窄,疾病,芹菜炒鸡蛋,饮食
推荐饮食,鼻瓣区狭窄,疾病,桂圆鸡蛋汤,饮食
推荐饮食,鼻瓣区狭窄,疾病,牛奶杏仁粥,饮食
推荐饮食,鼻瓣区狭窄,疾病,牛奶麦片粥,饮食
临床症状,鼻窦炎,疾病,鼻塞及反射性头痛,症状
临床症状,鼻窦炎,疾病,上颌窦囊肿,症状
临床症状,鼻窦炎,疾病,脓鼻涕增多且不易擤尽,症状
临床症状,鼻窦炎,疾病,鼻塞排出脓性或...,症状
临床症状,鼻窦炎,疾病,食欲不振,症状
临床症状,鼻窦炎,疾病,清晨或上午头痛,症状
临床症状,鼻窦炎,疾病,头昏,症状
临床症状,鼻窦炎,疾病,恶心,症状
临床症状,鼻窦炎,疾病,阵发性鼻塞,症状
临床症状,鼻窦炎,疾病,增殖腺肥大,症状
治疗操作,鼻窦炎,疾病,药物治疗,操作
治疗操作,鼻窦炎,疾病,支持性治疗,操作
相关人群,鼻窦炎,疾病,无特发人群,人群
治疗药物,鼻窦炎,疾病,阿奇霉素片,药品
治疗药物,鼻窦炎,疾病,头孢克洛颗粒,药品
诊断检查,鼻窦炎,疾病,耳鼻咽喉CT检查,观测操作
诊断检查,鼻窦炎,疾病,鼻咽部活组织检查,观测操作
诊断检查,鼻窦炎,疾病,副鼻窦造影,观测操作
诊断检查,鼻窦炎,疾病,鼻腔内镜检查,观测操作
诊断检查,鼻窦炎,疾病,鼻甲和鼻道,观测操作
诊断检查,鼻窦炎,疾病,耳、鼻、咽拭子细菌培养,观测操作
推荐饮食,鼻窦炎,疾病,鹿肉,饮食
推荐饮食,鼻窦炎,疾病,鸡蛋,饮食
推荐饮食,鼻窦炎,疾病,鸭翅,饮食
推荐饮食,鼻窦炎,疾病,芝麻,饮食
禁忌饮食,鼻窦炎,疾病,鸭血(白鸭),饮食
禁忌饮食,鼻窦炎,疾病,赤小豆,饮食
禁忌饮食,鼻窦炎,疾病,白扁豆,饮食
禁忌饮食,鼻窦炎,疾病,田螺,饮食
推荐饮食,鼻窦炎,疾病,三丝瓜羹,饮食
推荐饮食,鼻窦炎,疾病,杞子南枣煲鸡蛋,饮食
推荐饮食,鼻窦炎,疾病,百合圆肉煲鸡蛋,饮食
推荐饮食,鼻窦炎,疾病,山药炖猪蹄,饮食
推荐饮食,鼻窦炎,疾病,百合蜜枣猪蹄汤,饮食
推荐饮食,鼻窦炎,疾病,豆芽猪蹄汤,饮食
推荐饮食,鼻窦炎,疾病,猪蹄当归粥,饮食
推荐饮食,鼻窦炎,疾病,花生猪蹄汤,饮食
治疗药物,鼻窦炎,疾病,氨苄西林胶囊,药品
治疗药物,鼻窦炎,疾病,罗红霉素胶囊,药品
治疗药物,鼻窦炎,疾病,头孢拉定胶囊,药品
治疗药物,鼻窦炎,疾病,阿莫西林颗粒,药品
治疗药物,鼻窦炎,疾病,匹多莫德颗粒剂,药品
治疗药物,鼻窦炎,疾病,依托红霉素片,药品
治疗药物,鼻窦炎,疾病,头孢氨苄胶囊,药品
治疗药物,鼻窦炎,疾病,鼻炎灵片,药品
治疗药物,鼻窦炎,疾病,乙酰螺旋霉素片,药品
治疗药物,鼻窦炎,疾病,盐酸头孢他美酯片,药品
治疗药物,鼻窦炎,疾病,鼻窦炎口服液,药品
治疗药物,鼻窦炎,疾病,盐酸羟甲唑啉喷雾剂,药品
治疗药物,鼻窦炎,疾病,头孢克肟颗粒,药品
治疗药物,鼻窦炎,疾病,匹多莫德口服溶液,药品
治疗药物,鼻窦炎,疾病,注射用头孢唑林钠,药品
治疗药物,鼻窦炎,疾病,克拉霉素分散片,药品
临床症状,鼻恶性肉芽肿,疾病,鼻外部膨胀隆起,症状
临床症状,鼻恶性肉芽肿,疾病,弛张热,症状
临床症状,鼻恶性肉芽肿,疾病,带血性分泌物,症状
临床症状,鼻恶性肉芽肿,疾病,鼻中隔穿孔,症状
临床症状,鼻恶性肉芽肿,疾病,间歇性鼻阻塞,症状
临床症状,鼻恶性肉芽肿,疾病,腭部穿孔,症状
临床症状,鼻恶性肉芽肿,疾病,鼻粘膜肿胀,症状
治疗操作,鼻恶性肉芽肿,疾病,药物治疗,操作
治疗操作,鼻恶性肉芽肿,疾病,支持性治疗,操作
相关人群,鼻恶性肉芽肿,疾病,无特发人群,人群
治疗药物,鼻恶性肉芽肿,疾病,转移因子口服溶液,药品
治疗药物,鼻恶性肉芽肿,疾病,注射用氨磷汀,药品
诊断检查,鼻恶性肉芽肿,疾病,鼻咽部活组织检查,观测操作
诊断检查,鼻恶性肉芽肿,疾病,鼻咽部MRI检查,观测操作
诊断检查,鼻恶性肉芽肿,疾病,耳、鼻、咽拭子细菌培养,观测操作
诊断检查,鼻恶性肉芽肿,疾病,耳鼻咽喉CT检查,观测操作
诊断检查,鼻恶性肉芽肿,疾病,鼻腔内镜检查,观测操作
推荐饮食,鼻恶性肉芽肿,疾病,鸭翅,饮食
推荐饮食,鼻恶性肉芽肿,疾病,芝麻,饮食
推荐饮食,鼻恶性肉芽肿,疾病,松子仁,饮食
推荐饮食,鼻恶性肉芽肿,疾病,栗子（熟）,饮食
禁忌饮食,鼻恶性肉芽肿,疾病,咸鸭蛋,饮食
禁忌饮食,鼻恶性肉芽肿,疾病,鸭血(白鸭),饮食
禁忌饮食,鼻恶性肉芽肿,疾病,赤小豆,饮食
禁忌饮食,鼻恶性肉芽肿,疾病,白扁豆,饮食
推荐饮食,鼻恶性肉芽肿,疾病,海带瘦肉粥,饮食
推荐饮食,鼻恶性肉芽肿,疾病,海带粳米粥,饮食
推荐饮食,鼻恶性肉芽肿,疾病,紫菜鸡蛋汤,饮食
推荐饮食,鼻恶性肉芽肿,疾病,紫菜萝卜汤,饮食
推荐饮食,鼻恶性肉芽肿,疾病,红萝卜海蜇粥,饮食
推荐饮食,鼻恶性肉芽肿,疾病,海蜇猪骨汤,饮食
治疗药物,鼻恶性肉芽肿,疾病,消癌平片,药品
治疗药物,鼻恶性肉芽肿,疾病,天芝草胶囊,药品
治疗药物,鼻恶性肉芽肿,疾病,甘露聚糖肽片,药品
治疗药物,鼻恶性肉芽肿,疾病,鼻咽灵片,药品
治疗药物,鼻恶性肉芽肿,疾病,鼻咽清毒颗粒,药品
临床症状,过敏性鼻炎,疾病,鼻粘膜苍白水肿,症状
临床症状,过敏性鼻炎,疾病,丘疹,症状
临床症状,过敏性鼻炎,疾病,鼻溢液,症状
临床症状,过敏性鼻炎,疾病,鼻端出火,症状
临床症状,过敏性鼻炎,疾病,鼻前庭部发痒,症状
临床症状,过敏性鼻炎,疾病,鼻痒,症状
临床症状,过敏性鼻炎,疾病,侧卧时位于下侧...,症状
临床症状,过敏性鼻炎,疾病,鼻塞,症状
临床症状,过敏性鼻炎,疾病,鼻和喉部灼热感,症状
临床症状,过敏性鼻炎,疾病,气喘,症状
治疗操作,过敏性鼻炎,疾病,药物治疗,操作
治疗操作,过敏性鼻炎,疾病,支持性治疗,操作
相关人群,过敏性鼻炎,疾病,具有过敏性体质的人,人群
治疗药物,过敏性鼻炎,疾病,富马酸酮替芬片,药品
治疗药物,过敏性鼻炎,疾病,氯雷他定糖浆,药品
诊断检查,过敏性鼻炎,疾病,鼻部功能检查,观测操作
诊断检查,过敏性鼻炎,疾病,鼻粘膜及鼻腔分泌物,观测操作
诊断检查,过敏性鼻炎,疾病,鼻咽部活组织检查,观测操作
诊断检查,过敏性鼻炎,疾病,鼻内激发试验,观测操作
推荐饮食,过敏性鼻炎,疾病,蜂蜜,饮食
推荐饮食,过敏性鼻炎,疾病,鸭翅,饮食
推荐饮食,过敏性鼻炎,疾病,鸡心,饮食
推荐饮食,过敏性鼻炎,疾病,鸡肉,饮食
禁忌饮食,过敏性鼻炎,疾病,鸭血(白鸭),饮食
禁忌饮食,过敏性鼻炎,疾病,杏仁,饮食
禁忌饮食,过敏性鼻炎,疾病,绿豆,饮食
禁忌饮食,过敏性鼻炎,疾病,赤小豆,饮食
推荐饮食,过敏性鼻炎,疾病,熟地黄芪芡实羹,饮食
推荐饮食,过敏性鼻炎,疾病,凉拌紫苏叶,饮食
推荐饮食,过敏性鼻炎,疾病,枸杞叶粥,饮食
推荐饮食,过敏性鼻炎,疾病,柏子仁鸡心,饮食
推荐饮食,过敏性鼻炎,疾病,炒羊肚丝,饮食
推荐饮食,过敏性鼻炎,疾病,腐竹猪肝粥,饮食
推荐饮食,过敏性鼻炎,疾病,香椿芽粥,饮食
推荐饮食,过敏性鼻炎,疾病,糯米莲藕,饮食
治疗药物,过敏性鼻炎,疾病,氯雷他定胶囊,药品
治疗药物,过敏性鼻炎,疾病,通窍鼻炎片,药品
治疗药物,过敏性鼻炎,疾病,盐酸西替利嗪片,药品
治疗药物,过敏性鼻炎,疾病,孟鲁司特钠咀嚼片,药品
治疗药物,过敏性鼻炎,疾病,盐酸非索非那定片,药品
治疗药物,过敏性鼻炎,疾病,富马酸酮替芬胶囊,药品
治疗药物,过敏性鼻炎,疾病,氯雷他定片,药品
治疗药物,过敏性鼻炎,疾病,孟鲁司特钠片,药品
治疗药物,过敏性鼻炎,疾病,滴通鼻炎水,药品
治疗药物,过敏性鼻炎,疾病,富马酸酮替芬滴鼻液,药品
治疗药物,过敏性鼻炎,疾病,盐酸左旋咪唑搽剂,药品
治疗药物,过敏性鼻炎,疾病,盐酸异丙嗪片,药品
治疗药物,过敏性鼻炎,疾病,胆香鼻炎片,药品
治疗药物,过敏性鼻炎,疾病,马来酸氯苯那敏片,药品
临床症状,干酪性鼻炎,疾病,鼻屎多,症状
临床症状,干酪性鼻炎,疾病,鼻干,症状
临床症状,干酪性鼻炎,疾病,鼻黏膜和鼻甲萎缩,症状
临床症状,干酪性鼻炎,疾病,鼻孔干疼,症状
临床症状,干酪性鼻炎,疾病,岳晗,症状
临床症状,干酪性鼻炎,疾病,鼻干燥,症状
临床症状,干酪性鼻炎,疾病,骨质破坏,症状
临床症状,干酪性鼻炎,疾病,鼻中隔穿孔,症状
临床症状,干酪性鼻炎,疾病,鼻出血,症状
治疗操作,干酪性鼻炎,疾病,药物治疗,操作
治疗操作,干酪性鼻炎,疾病,支持性治疗,操作
相关人群,干酪性鼻炎,疾病,无特发人群,人群
治疗药物,干酪性鼻炎,疾病,注射用头孢唑林钠,药品
治疗药物,干酪性鼻炎,疾病,诺氟沙星胶囊,药品
诊断检查,干酪性鼻炎,疾病,耳、鼻、咽拭子细菌培养,观测操作
诊断检查,干酪性鼻炎,疾病,鼻腔内镜检查,观测操作
诊断检查,干酪性鼻炎,疾病,耳鼻咽喉CT检查,观测操作
诊断检查,干酪性鼻炎,疾病,鼻咽部活组织检查,观测操作
推荐饮食,干酪性鼻炎,疾病,鸭翅,饮食
推荐饮食,干酪性鼻炎,疾病,鸡心,饮食
推荐饮食,干酪性鼻炎,疾病,鸡肉,饮食
推荐饮食,干酪性鼻炎,疾病,松子仁,饮食
禁忌饮食,干酪性鼻炎,疾病,鸭血(白鸭),饮食
禁忌饮食,干酪性鼻炎,疾病,杏仁,饮食
禁忌饮食,干酪性鼻炎,疾病,绿豆,饮食
禁忌饮食,干酪性鼻炎,疾病,赤小豆,饮食
推荐饮食,干酪性鼻炎,疾病,香菇扒小白菜,饮食
推荐饮食,干酪性鼻炎,疾病,白菜粥,饮食
推荐饮食,干酪性鼻炎,疾病,百合炒西兰花,饮食
推荐饮食,干酪性鼻炎,疾病,素炒西兰花,饮食
推荐饮食,干酪性鼻炎,疾病,西瓜羹,饮食
推荐饮食,干酪性鼻炎,疾病,苹果,饮食
推荐饮食,干酪性鼻炎,疾病,胡萝卜苹果汁,饮食
推荐饮食,干酪性鼻炎,疾病,炖奶汤鲫鱼萝卜丝,饮食
治疗药物,干酪性鼻炎,疾病,罗红霉素颗粒,药品
治疗药物,干酪性鼻炎,疾病,溶菌酶肠溶片,药品
